{"cameraMode":{"drawMode":0,"name":"Shaded","section":"Shading Mode"},"sceneLighting":true,"audioPlay":false,"sceneViewState":{"m_AlwaysRefresh":false,"showFog":true,"showSkybox":true,"showFlares":true,"showImageEffects":true,"showParticleSystems":true,"showVisualEffectGraphs":true,"m_FxEnabled":true},"in2DMode":false,"pivot":{"x":18.25480842590332,"y":0.7602364420890808,"z":18.34674835205078},"rotation":{"x":-0.19497300684452058,"y":0.394904226064682,"z":-0.08615858852863312,"w":-0.8936514258384705},"size":0.021272659301757814,"orthographic":false}